sft_id,source_file,paragraph_index,question_type,question,answer,evidence_quote,evidence,answer_evidence_overlap,quality_score,answerability_1_5,theoretical_accuracy_1_5,evidence_fidelity_1_5,wording_quality_1_5,decision,reviewer,notes
e5129abd35234a9124929e1f861cdf8514ea746deb93e73cd2e82192432378d2,lacan_text_022.txt,702,clinical,What is the implication of reading Freud in relation to the role of the analyst?,"Reading Freud in analysis involves engaging with lines that address what is involved in being an analyst. This reading suggests that the analyst should not be expected to possess excessive normality or psychological correctness, as this expectation would render the analyst too rare. The analytic relationship is a key component of this engagement.","We read in effect in Analysis terminable and interminable, lines that concern what is involved in being an analyst.","I went to visit Vincennes a week ago as a way of indicating succinctly that I was responding to an invitation from that place. Moreover, I announced this to you the last time, so as to give you the right starting point for a reference with which I began and which is far from being innocent — that is even why you have to read Freud. We read in effect in Analysis terminable and interminable, lines that concern what is involved in being an analyst. It is pointed out.there that one would be very mistaken to require of him too much normality and psychical correctness, this would make him too much of a rarity. “And finally we must not forget that the analytic relationship, und endlich ist nicht zu",0.4286,0.6855,,,,,,,
1fa7bdc84b05c64ccf581879bcc64f12f491d7e979748139e140e5733501f4bc,lacan_text_035.txt,463,other,What specific symptom is emphasized regarding Dora's behavior?,"The emphasis is placed on a specific aphonia that only occurred during moments when Dora was confronted with her love object. This symptom was linked to a special erotization of the oral function, which was withdrawn from its normal use as soon as she approached the object of her desire. This symptom is not considered significant enough to have led her to consult Freud.","my emphasizing this famous aphonia which occurred only at her moments of téte @ téte with, of being confronted with, her love object, and which was definitely linked to a very special erotization of the oral function, withdrawn from its usual employment as soon as Dora got too close to the object of her desire.","Dora is only a little hysteric; she doesn’t have many symptoms. You recall, I trust, my emphasizing this famous aphonia which occurred only at her moments of téte @ téte with, of being confronted with, her love object, and which was definitely linked to a very special erotization of the oral function, withdrawn from its usual employment as soon as Dora got too close to the object of her desire. This is no big deal, and this wouldn’t have brought her to see Freud, or made those around her force her to see him. On the contrary, from the moment the fourth character withdrew and broke up the situation, a little syndrome of persecution, quite simply, appeared in Dora with respect to her father.",0.5312,0.7396,,,,,,,
7178662a28aecfd07228b238a70df585dea734d49917a371d0c685142bf95636,lacan_text_016.txt,596,definition,What is the nature of the sense of life that can be approached in a first understanding?,The sense of life is something that can be read in signs stemming from an apparent vital spontaneity. This spontaneity is characterized by the fact that the subject does not recognize itself within it.,something that we can read in signs which come from an apparent vital spontaneity - since the subject does not recognise himself in it,"In truth this would not take us very far, if it were not a matter of something other than the being of life, what we can, in a first approach, call its sense. Namely, something that we can read in signs which come from an apparent vital spontaneity - since the subject does not recognise himself in it - but where it is necessary that there should be a subject - since what is in question could not be a simple effect of the ... fall out, (as one might say), of the vital bubble which bursts, leaving the place in the state in which (4) it was previously - but of something which, everywhere we follow it, is formulated not as this simple return, but as a thinking of return, as repetition thinking.",0.6667,0.8001,,,,,,,
4481155053ac2afaa4f4dfa7c57090892b4f9dec7316423ff98304325e815649,lacan_text_039.txt,2462,other,What concept did Jones use the Greek term “aphanisis” to denote?,"The Greek term “aphanisis” refers to the complete and permanent loss of the ability to experience sexual enjoyment, including the possibility of that enjoyment. Jones posits that the fear of aphanisis is more fundamental than the fear of castration in both male and female subjects. Castration is considered merely a specific instance of aphanisis when applied to boys.","Jones used the Greek term “aphanisis” to refer to the “total, and of course permanent, extinction of the capacity (including opportunity) for sexual enjoyment”","(687,6) Jones used the Greek term “aphanisis” to refer to the “total, and of course permanent, extinction of the capacity (including opportunity) for sexual enjoyment”; see “Early Development of Female Sexuality” (1927), in Papers on Psycho-Analysis, Sth edition (Boston: Beacon, 1961}, 440. According to Jones, the fear of aphanisis is more fundamental than that of castration in both sexes, castration being only a “special case” of aphanisis in boys. The other two articles in the series Lacan mentions are “The Phallic Phase” and “Early Female Sexuality,” both of which are included in Papers on Psycho-Analysis, The key mentioned at the end of the paragraph would seem to be the term “signifier.”",0.5161,0.7317,,,,,,,
6d53898e7909ebd6d82cee3606698a2573296181d646a82950e7717722698d97,lacan_text_031.txt,58,definition,What is the meaning of a double Moebius strip?,"A double Moebius strip signifies a Moebius strip that is redoubled. This structure is not two separate Moebius strips, but rather a single Moebius strip. This single strip possesses a visual appearance that results from the double cutting of the torus.","That means a Moebius strip which is redoubled; and a Moebius strip which is redoubled has as property — as I already showed you the last time — has as property, not of being two Moebius strips, but being a single Moebius strip which looks like this, - let us try to do better — which looks in this way like the result of the double cut of the torus.","Fig. III-1b You see that here I cut doubly through the green line, I cut the torus. If we join these two cuts with the help of a stretched plane, we get a Moebius strip. That indeed is why that is here (1) and on the other hand what is here (2) constitutes a double Moebius strip. I say double, what does that mean? That means a Moebius strip which is redoubled; and a Moebius strip which is redoubled has as property — as I already showed you the last time — has as property, not of being two Moebius strips, but being a single Moebius strip which looks like this, - let us try to do better — which looks in this way like the result of the double cut of the torus. [double Moebius strip and Moebius strip]",0.5263,0.7284,,,,,,,
16055a2f071999867811b80eec00ad085f2eb346b9c832ed7d33a31f8efd8643,lacan_text_003.txt,1919,clinical,What is the analyst's attention regarding the strictly phallic signification of the hollowed out or cup-like penis?,The analyst is not ignoring the strictly phallic meaning of the hollowed out or cup-like penis. This meaning is relevant when considering the phallic image as the assumption of the phallic image by the feminine subject. This signification is one of the ways the signifier phallus can appear at the level of the assumption of the phallic image by the feminine subject.,"One may be all the more astonished that the analyst does not pay attention to this, because another text of the same analyst shows that he is far from ignoring the strictly phallic signification of what certain analysts have called the hollowed out or cup-like penis, in so far as it is one of the forms under which the signifier phallus can present itself at the level of the assumption of the phallic image by the feminine subject.","One may be all the more astonished that the analyst does not pay attention to this, because another text of the same analyst shows that he is far from ignoring the strictly phallic signification of what certain analysts have called the hollowed out or cup-like penis, in so far as it is one of the forms under which the signifier phallus can present itself at the level of the assumption of the phallic image by the feminine subject. In fact this sort of grail which is presented here for us in the dream, is clearly something which is at the very least destined to stimulate the attention, indeed to give rise to some prudence in someone who interprets this dream in terms of a twofold relationship.",0.7692,0.8712,,,,,,,
a1025afd424f923a90e8a1ad53fc9b5677de75924ce018f210bf4c7b5d3b9711,lacan_text_040.txt,22,definition,What is the problem constantly taken up and posed within Aristotelian ethics?,"The ethical question is posed in a way that presupposes a specific order in the real, which is not contested as already possessing its paths. This leads to the idea that the appropriate discourse is already established by the very act of posing the ethical question. Consequently, the problem is brought back to the original point established by Socrates.",It is then a question of having a subject conform to something which in the real is not contested as presupposing the paths of that order.,"It is then a question of having a subject conform to something which in the real is not contested as presupposing the paths of that order. What is the problem constantly taken up and posed within Aristotelian ethics? Let us start with him who possesses this science. Of course, the one whom Aristotle addresses, that is the pupil or disciple, by the very fact that he listens is supposed to participate in this scientific discourse. The discourse in question, the op@dc¢ Adyoc, the right discourse, the appropriate discourse, is therefore already introduced by the very fact that the ethical question is posed. In that way the problem is clearly returned to the point where Socrates had left it",0.5714,0.7635,,,,,,,
7c470bce9819f782c1adef049b86eedf63b20fc37380b323fa87af906c7105b6,lacan_text_028.txt,573,definition,What is the fundamental element that is articulated in language but cannot be articulated in words?,"The element that can be articulated in language but not in words is desire. This is because the emphasis on the invariance of the unknown, which is positioned on the left, is produced under the condition of negation. This emphasis highlights that what belongs to desire cannot be fully captured by analysis because it is inherently invariant.","notch since i proved that there is something that can be articulated in language which cannot for all that be articulated in words, and that it is on that simply that desire is based.","notch since I proved that there is something that can be articulated in language which cannot for all that be articulated in words, and that it is on that simply that desire is based. It is nevertheless easy to settle, it is precisely because what is at stake is desire, in so far as it puts the emphasis on the invariance of the unknown, of the unknown which is on the left (a gauche), the one that is only produced under the heading of a Verneinung. It is precisely because it puts the emphasis on the invariance of the unknown, that obviously what-belongs to desire cannot be inscribed by analysis in any function of a variable. This is the stumbling block by which there is separated as such the",0.5769,0.7664,,,,,,,
0ac0b851fd3f223140c49e12ed12935a61f3ee2e0cd3e85b1ed42747f3030d15,lacan_text_034.txt,198,definition,What is the function of analytic discourse in relation to the Real?,"Analytic discourse is distinct from any science of the Real because it reserves the place of the truth and speaks what allows for the articulation of the sexual relationship, which flows within it. This function fundamentally alters the understanding of the statement that analytic discourse is separate from the Real.","Analytic discourse not only reserves the place of the truth, but it is properly speaking what allows to be said what, as regards the sexual relationship, flows in it, fills the groove.","This distinction that specifies analytic discourse, which allowed me to discern it among four others that were there because... they really seem, like that, to live, and not only do they seem, but they are infinitely more robust than the analytic discourse which has still everything to do as regards clearing its path. Analytic discourse not only reserves the place of the truth, but it is properly speaking what allows to be said what, as regards the sexual relationship, flows in it, fills the groove. It is very important. It is very important because this completely changes the meaning of this saying true that I have just posited at first as distinct from any science of the Real. It completely",0.6087,0.7812,,,,,,,
ed9ecaecf1765657d070650c898b9ddcd483c133f7c4db31b71264346dd47e12,lacan_text_044.txt,299,definition,What is the significance of the Borromean knot in relation to geometry?,"The Borromean knot restores a specific configuration. It demonstrates that what is at stake is only one aspect of the knot, which is a single thread. This knot introduces a different dimension, contrasting with ordinary geometry where the face is obvious. In the geometrical face, the face is emptied out, which is why it is not immediately apparent.","Through this artifice of writing, I would say that the Borromean knot is restored. And as you see, what is at stake is only one face of the Borromean knot, it is about a thread.","Good. Through this artifice of writing, I would say that the Borromean knot is restored. And as you see, what is at stake is only one face of the Borromean knot, it is about a thread. The difference between ordinary geometry which is the one from which there comes the word face, geometry, is, is among the things that operate on faces. Polyhedrons are full of faces; of faces, of edges and of apexes. But the knot introduces us - the knot which is a chain in this occasion - the knot introduces us to another dimension, of which I would say that, in contrast to what is obvious, in the face, in the geometrical face, it is emptied out. And precisely because it is emptied out, it is not obvious. There is",0.5714,0.7641,,,,,,,
4ec5ba2f8ff0b2988025946244bef81ec4f4c0ee04e2a95a1bf062a75c20f434,lacan_text_018.txt,1653,definition,What is the function of dialectical reason?,"Dialectical reason functions by not allowing the grasping of savage stages unless one begins with elaborated stages. This is distinct from the logic of classes, which is not the savage state of the logic of the object of desire. The possibility of establishing a logic of classes arises because access to the logic of the object of desire was previously denied.",it is precisely that it does not allow his savage stages to be grasped except by starting with elaborated stages,"But such is the function of dialectical reason - with all due respects to M Lévi-Strauss who believes that it is only a particular case of analytic reason - it is precisely that it does not allow his savage stages to be grasped except by starting with elaborated stages. Now this is not to say that the logic of classes is the savage state of the logic of the object of desire. If it has been possible to establish a logic of classes - I would ask you to consecrate our next meeting to this object - it is because there was the access that was refused to a logic of the object of desire; in other words, it is in the light of castration that one can understand the fruitfulness of the privative theme.",0.56,0.7568,,,,,,,
0af81848bae03a033b7a0795ce3108ed0b0b52aa131da3f4f70774122f2185af,lacan_text_019.txt,5926,definition,What are the potential translations for the French imperfect tense?,"The French imperfect tense permits at least two different English translations: ""was"" or ""was to be."" The ""was to be"" rendering implies that something was supposed to happen or designed to occur, without specifying if it actually materialized.","The French imperfect était allows for at least two different translations: “was” or “was to be” (in the sense of was supposed to be or designed to be, it not being specified if it actually came to be);","(01,6) The French imperfect était allows for at least two different translations: “was” or “was to be” (in the sense of was supposed to be or designed to be, it not being specified if it actually came to be); Lacan refers, in Seminar XV (January 10, 1968), to the French linguist Gustave Guillaume (1883-1960) on this point. La otc était pour un peu (where it was fora short while) can also be rendered as “where it would have been if not for [something that happened]” or “where it would only have taken a little bit more for it to be.” Note that peut is the third person singular form of the present verb, pouvoir, not the first. Ecrits 1966 mistakenly reads peux; the Points edition corrects this.",0.5,0.7131,,,,,,,
eea88353030688807bbbc7ae5712184c90794a6ac6cdffefe0181818f622f2d3,lacan_text_017.txt,292,other,What dimension does the problematic of legitimacy involve?,"The problematic of legitimacy is revealed as the problematic of legitimation, which may involve the figure of imaginary dimension and its recuperation. This certitude is staged in the relationships with the effects of voice.","This problematic of legitimacy which is revealed as the problematic of legitimation, has a dimension, may perhaps take on the figure here of imaginary dimension and its recuperation.","This problematic of legitimacy which is revealed as the problematic of legitimation, has a dimension, may perhaps take on the figure here of imaginary dimension and its recuperation. It seems to me that Joyce uses this certitude, stages it in its relationships with the effects of voice. Even if a word, a paternal word is contested gua word in terms of what it says, it seems to me that something, he suggests, gets across in personation, in what is behind personation, is what is on the side of phonation, perhaps, on the side of what is also something that deserves to live in melody. In melody, and why? Perhaps precisely because of something which has effects, despite everything, on the mother,",0.8667,0.9127,,,,,,,
3375296540d735c04d979e6d12bf268c1d6ae3d74b93c944dbb429d6cdbdd454,lacan_text_042.txt,537,definition,What is the designation for the cause of desire in the male subject?,"The cause of desire in the male subject is designated as the little o-object. This object is precisely what the male approaches, and this act of approaching is what constitutes love. Love itself is described as poetry, but there is a distinction between poetry and the act of love. The act of love is characterized as the polymorphous perversion of the male.","Only what he approaches, because this is the cause of his desire, is what I designated as the little o-object.","Contrary to what Freud puts forward, it is the man — I mean the one who finds himself male without knowing what to do about it, while at the same time being a speaking being - who approaches the woman, as _ they say, who can even believe that he approaches her. Because in this regard, huh, the convictions of which I spoke the last time, the convictions are not lacking. Only what he approaches, because this is the cause of his desire, is what I designated as the little o-object. This is precisely the act of love. To make love, as the name indicates, is poetry. But there is a world between poetry and act. The act of love, is the polymorphous perversion of the male. In the case of the speaking",0.6957,0.8317,,,,,,,
7e3d956c193209f408abaa874c2d5e8907b183d9c51e191ac250fb99789e85b0,lacan_text_029.txt,542,definition,What is the central argument of the recent work titled Woman as Sex Object?,"The central idea of this collective work is to demonstrate that men, or nearly exclusively men, have been responsible for producing and developing desires across all levels of culture, from pornography to high art. These desires are identified as common places of desire, which are represented by dead metaphors like eyes in cup shapes or cherry lips. This observation makes the terms masculine eroticism or feminine object unnecessary.","The central idea of this work consists of noting that it has been men, or almost exclusively men, in modern times at least, who have produced and elaborated at all levels, from the pornographic photo to high art, what the authors call the common places of desire —a reference not to brothels, but to dead metaphors suchas eyes in the shapes of cups or fountains, cherry lips or apple breasts, etc.","There is a book which came out recently under the title Woman as Sex Object (Hess and Nochlin, 1973). It is a collective work whose authors, mostly women, are all art historians. The central idea of this work consists of noting that it has been men, or almost exclusively men, in modern times at least, who have produced and elaborated at all levels, from the pornographic photo to high art, what the authors call the common places of desire —a reference not to brothels, but to dead metaphors suchas eyes in the shapes of cups or fountains, cherry lips or apple breasts, etc. This to such an extent that it is redundant to speak of masculine eroticism or feminine object, and equally for the authors",0.561,0.749,,,,,,,
c9256468d7bfd87bbc2c79038243d65fc505b76c67be2bda83bd33dc452e79ed,lacan_text_008.txt,56,definition,What is the manifestation of a practitioner's discomfort when engaging in a practice associated with social hygiene?,"A practitioner cannot avoid showing discomfort, aversion, derision, or horror when they engage in a practice that involves the opening up of a form of psychotherapy linked to social hygiene. This discomfort is proportional to the chances they give themselves to enter the open space where the practice is criticized for entering its imperialist phase. This phase is characterized by aims that are conformist, doctrine that is barbarous, and a complete regression to psychologism.","no practitioner can fail to manifest his discomfort or aversion, indeed his derision or horror, in proportion to the opportunities he affords himself to dip into the open space in which the practice hereby denounced enters its imperialist phase: conformist in its aims, barbarous in its doctrine, a complete regression to psychologism, pure and simple","Even if one lends a hand in France, as elsewhere, to a practice mitigated by the unfurling of a form of psychotherapy associated with the needs of social hygiene, —it is a fact that no practitioner can fail to manifest his discomfort or aversion, indeed his derision or horror, in proportion to the opportunities he affords himself to dip into the open space in which the practice hereby denounced enters its imperialist phase: conformist in its aims, barbarous in its doctrine, a complete regression to psychologism, pure and simple, — the whole thing poorly compensated for by the promotion of a cleresy it would be easy to caricature, but which in its solemnity is indeed the residue bearing witness to the training through which psychoanalysis does not come totally undone in what it is propagating.",0.5385,0.7282,,,,,,,
8c7194c989a54ac7711f6447f2eeb67cc696ed8e36c82b98b1423860a7f48b64,lacan_text_006.txt,42,comparison,What is the difference between the discovery Freud makes in the unconscious and the realization that one can assign a sexual meaning to all knowledge?,The discovery Freud makes in the unconscious is fundamentally different from the realization that all knowledge can be given a sexual meaning. The latter is based on the idea that knowing is always open to the metaphor of meaning. The former involves a deeper structural understanding of how meaning is formed.,"is something utterly different from realizing that broadly speaking one can give a sexual meaning to everything one knows, for the reason that knowing has always been open to the famous metaphor (the side of meaning Jung exploited).","What Freud discovers in the unconscious— here I’ve only been able to invite you to take a look at his writings to see if I speak truly—is something utterly different from realizing that broadly speaking one can give a sexual meaning to everything one knows, for the reason that knowing has always been open to the famous metaphor (the side of meaning Jung exploited). It is the real that permits the effective unknotting of what makes the symptom hold together, namely a knot of signifiers. Where here knotting and unknotting are not metaphors, but are really to be taken as those knots that in fact are built up through developing chains of the signifying material.",0.4074,0.6684,,,,,,,
9b58d8882b7fce4669f94e8248ea7dfaf92e3b623bc0de998f6d0d1a54344cca,lacan_text_015.txt,1094,definition,"What are the actual themes that are not texts, but rather open to variation?","The signifying chain, the cypher of Poord’jeli, and the dream itself are not the core themes but rather texts that are subject to infinite variations. These elements are not the fundamental themes themselves.",neither the signifying chain nor the cypher of Poord’jeli nor above all the dream itself are themes but texts which are open to infinite variations,"In fact no, one cannot. It is all very well for him to propose a new variation on the theme of inverted gold and which would give rose like the scar, or like the inverted sex or the inverted rose of the woman, but neither the signifying chain nor the cypher of Poord’jeli nor above all the dream itself are themes but texts which are open to infinite variations. Therefore, in order to go further, we would have to be the analyst himself and to have before us the analysand, namely to continue the analysis. Finally, we would have to know the real name of the patient this name Eliany, son of the Lord in Hebrew, I believe, but I do not know Hebrew, was probably put forward for the needs of the case.",0.6316,0.7816,,,,,,,
5e6d519ddb0cd3b474b6598237fc3f4e788203c83a5b829eab73e68e7c462575,lacan_text_038.txt,273,comparison,What is the relationship between naming and the tradition?,"Naming is consecrated to giving a name to something that is not indifferent, specifically naming each animal. A tradition is inherently flawed or ""fucked-up."" People maintain devotion to tradition because there is no alternative attachment available. The hope for any tradition is that it is less flawed than others, but judging this comparison is complex.","consecrated on giving a name, good God, to something that is not indifferent, namely, a name to each of the animals.","consecrated on giving a name, good God, to something that is not indifferent, namely, a name to each of the animals. Of course, before the Bible, namely writing, there was a tradition. This did not come from nothing. It is tangible, tangible to the point that it ought to strike the lovers of tradition, the fact is that a tradition is always, what I would call fucked-up. That is even why people have a devotion to it, there is no other way of being attached to it than devotion, it is always so appallingly...what I have just said. All that one can hope from a tradition is that it should be less fucked up than another one. How can that be judged? There we enter into the more and the less. That is",0.4839,0.7155,,,,,,,
6c88c3ed75ea4bf92e3879e2d5f578c77832eed9f1cd243263aa010ed4188d53,lacan_text_021.txt,270,comparison,What is the relationship between the paranoid attitude and the concept of belief?,"The paranoid attitude, as defined by Freud, deals with the most fundamental aspect of the relationship between humanity and reality, which is articulated as faith. This attitude involves a connection with a different perspective that arises to meet this fundamental relationship. The driving force of paranoia is the rejection of a specific support within the symbolic order, which is the basis for the division between the two sides of the relationship to das Ding.","The radical attitude of the paranoid, as designated by Freud, concerns the deepest level of the relationship of man to reality, namely, that which is articulated as faith.","The use of the term belief seems to me to be emphasized in a less psychological sense than first seems to be the case. The radical attitude of the paranoid, as designated by Freud, concerns the deepest level of the relationship of man to reality, namely, that which is articulated as faith. Here you can see easily how the connection with a different perspective is created that comes to meet it — I already referred to it when I said that the moving force of paranoia is essentially the rejection of a certain support in the symbolic order, of that specific support around which the division between the two sides of the relationship to das Ding operates — as we will see in subsequent discussions.",0.6857,0.8142,,,,,,,
f4a49bae219b9beafab3d1dae2576c7e5234ab1aa5cb6e85a612a7e9df3eb6dc,lacan_text_045.txt,899,definition,What is the function of regression in relation to the dream?,"Regression is not necessary to explain why the apparitions are imaginary. These imaginary apparitions are characteristic of the dream. When a dream approaches the order of anxiety and a near-ultimate real is experienced, this imaginary decomposition reveals the normal components of perception.",So we do not have to look to regression for the reason why it is imaginary apparitions [surgissements] which are characteristic of the dream.,"So we do not have to look to regression for the reason why it is imaginary apparitions [surgissements] which are characteristic of the dream. To the extent that a dream may get to the point of entering the order of anxiety, and that a drawing nigh of the ultimate real is experienced, we find ourselves present at this imaginary decomposition which is only the revelation of the normal component parts of perception. For perception is a total relation to a given picture, in which man always recognises himself somewhere, and sometimes even sees himself in several places. If the picture of the relation to the world is not made unreal by the subject, it is because it contains elements representing",0.6522,0.8025,,,,,,,
c455e939361a0b0174d75fbf989aad6e73eb8d7936d3597eb2e04dbfe2f1ece7,lacan_text_025.txt,1807,other,What does Freud articulate regarding the unreasonable nature of desire?,"Freud articulates that what appears unreasonable in desire is actually a consequence of the rational entering the real. This occurs because the rational has already established its boundary in the real through the process of language. Therefore, the irrationality in desire is a result of this rational passage into the real.","Freud can articulate the fact that what presents itself as unreasonable in desire is an effect of the passage of the rational in so far as it is real — that is to say, the passage of language — into the real, in so far as the rational has already traced its circumvallation there.","But this is precisely what was said long ago, and has always been said, yet the analysts don’t seem to have got any further. The simple minded call it the irrational, since they haven’t even realized that Freud’s discovery is confirmed first by regarding as certain that the real is rational — which, in itself, was enough to knock our exegete off balance — and then by affirming that the rational is real. As a result, Freud can articulate the fact that what presents itself as unreasonable in desire is an effect of the passage of the rational in so far as it is real — that is to say, the passage of language — into the real, in so far as the rational has already traced its circumvallation there.",0.4348,0.6864,,,,,,,
3f73c09173d077aa6659902bdc3d95cc150c235d17705e742aa41604e5ec7066,lacan_text_007.txt,26,definition,What is the first factor indicated in Hamlet's structure regarding his relationship with the Other?,"The first factor is Hamlet's dependence concerning the desire of the Other, specifically the desire of his mother. This dependence establishes a foundational aspect of his neurotic behavior.","the first factor that I indicated to you in Hamlet’s structure was his situation of dependence with respect to the desire of the Other, the desire of his mother","This is at the base of neurotic behavior, in its most general form: the subject tries to find his sense of time [lire son heure] in his object, and it is even in the object that he will learn to tell time [lire l'heure]. This is where we get back to our friend Hamlet, to whom everyone can attribute at will all the forms of neurotic behavior, as far as you want to go, i.e., up to character neurosis. The first factor that I indicated to you in Hamlet’s structure was his situation of dependence with respect to the desire of the Other, the desire of his mother. Here now is the second factor that I ask you to recognize: Hamlet is constantly suspended in the time of the Other, throughout the entire story until the very end.",0.6429,0.7848,,,,,,,
823fa155f0bf5daaf658db0ae1ac6578ddd2be10319284fe97398df5e89d0c22,lacan_text_032.txt,70,definition,What is the interpretation of the famous business of Descartes?,"The famous business of Descartes is interpreted as the evil genius. This interpretation suggests that the individual who makes the Real is subject to it, and therefore, they are not obligated to tell the truth. The smarter the individual is, the better the outcome works out.","I believe that, when all is said and done, this is how there must be interpreted the famous business of Descartes, is that not so, the evil genius.","produces: there are some very funny things. I do not want to compromise God too much in this business, everyone knows that I consider that...he is rather of the order of the super cherished; so then (22) why would he always tell the truth, when it works out just as well if he is totally deceptive, huh? Admitting that he made the Real, he is all the more subject to it in that precisely, if it is he who made it, SO then, why not? I believe that, when all is said and done, this is how there must be interpreted the famous business of Descartes, is that not so, the evil genius (/e malin génie). Well then, he is the evil genius and things work out like that. The smarter (malin) he is, the better",0.6667,0.8083,,,,,,,
73ae65fb9e828305cd7f86b2d8b0ff8673e331cc361a613b22399f19b8f7cb30,lacan_text_041.txt,1614,other,What concept justifies the existence of the screen?,"The necessity that the subject must inscribe himself within the picture is what justifies the existence of the screen. This is related to the look within the field of the Other, which introduces the screen and the necessity for the subject to inscribe himself in the image.","cannot be gone back on, which is the one which justifies the existence of the screen. In the field of the Other, the look is what introduces the screen and the necessity - that one of my pupils, Melman, remarked to me recently, is inscribed in the article by Freud, “Uber Deckerinnerungen”’, on screen memories - the necessity that the subject should inscribe himself in the picture.","(20) cannot be gone back on, which is the one which justifies the existence of the screen. In the field of the Other, the look is what introduces the screen and the necessity - that one of my pupils, Melman, remarked to me recently, is inscribed in the article by Freud, “Uber Deckerinnerungen”’, on screen memories - the necessity that the subject should inscribe himself in the picture. There is not described there, of course, this topology which is so essential, so fundamental to the whole Freudian development that it is as important as that of the Oedipus Complex, this topology which is the real foundation and which gives its consistency to this function that is called - why? - the primal scene.",0.75,0.8538,,,,,,,
281b25e4fc0f7400bfa2cc4a7a2ac133958be2ace6febf3a1262b033e7a16a6f,lacan_text_002.txt,1852,definition,What is the role of the faithful soul in relation to the reduction of the dead God?,"The faithful soul becomes the hostage of the situation that is properly reborn beyond Christian truth. This situation is tragic because everything disappears from it if the signifier can be captured. The only entity capable of being held hostage is the one who believes, as this belief compels them to witness what they believe in. This act of witnessing captures and holds the believer in the negation of what they hold to be true.","the other side of this reduction of the dead God is the fact that it is the faithful soul who becomes the hostage, the hostage of this situation where there is properly reborn, beyond the end of Christian truth, the tragic, namely that everything vanishes from it if the signifier can be captive.","But the other side of this reduction of the dead God is the fact that it is the faithful soul who becomes the hostage, the hostage of this situation where there is properly reborn, beyond the end of Christian truth, the tragic, namely that everything vanishes from it if the signifier can be captive. The only one who can be hostage, naturally, is the one who believes, Sygne, and, because she believes, must bear witness to what she believes in and precisely by that is caught, captivated in the situation which it is enough to imagine, to forge in order for it to exist. The fact is that by being called to rivet herself to the negation of what she believes, she is held as hostage in the negation,",0.5789,0.7593,,,,,,,
3b339bab38674ab5913497a2094ef7ac959b4e5f30f54b66f7f2f802e4b9fcfc,lacan_text_023.txt,462,clinical,What is the function represented in analysis by the myth of the father?,The function represented in analysis by the myth of the father is unification. This unification is what is involved in the function represented in analysis.,"in the function represented in analysis by the myth of the father, unifies","I am saying then that this unier which is based, and I asked you to ensure that this founded should be...should not appear too fundamental, it is what ! called leaving in the melted down, this unier which is grounded. There is One of them, there exists One of them which says no. That is not quite the same thing as denying it. But this forging of the term unier, as a verb which can be conjugated and from which we can advance in short as regards what is involved in the function, in the function represented in analysis by the myth of the father, unifies. It is this that those who are able to hear through the petards, the point on which I would like precisely today, anyway allow you, let us say to",0.8571,0.8998,,,,,,,
a3444348edb11d2edc9b5ff5f6b80819190f18ca8888d42b27ab45910a4dc856,lacan_text_037.txt,903,comparison,"What is the relationship between knowledge, enjoyment, and an object in the context of primordial relations?","The primordial relations are situated with respect to knowledge, enjoyment, and an object. These relations are fundamental to how we understand the second primary biography, which is described as infantile. These relations carry weight and agency in the way we comprehend this biography.","there will perhaps be more developed ones, I hope so — but like in fact the one I am articulating for you with respect to knowledge, enjoyment and a certain object in so far as primordially it is with respect to them that there are going to be situated all these primordial relations.","— there will perhaps be more developed ones, I hope so — but like in fact the one I am articulating for you with respect to knowledge, enjoyment and a certain object in so far as primordially it is with respect to them that there are going to be situated all these primordial relations. In these it is not enough to bring up simple homology by going into the past with whoever comes to tell u us about his present day relations. Whether we want it or not, whether we know it or not, we bring into play its weight, its presence and its agency in the whole way in which we understand this second primary biography, described as infantile. This is only there, quite often, to mask the question from us,",0.8095,0.8882,,,,,,,
cba241b6d0b79030d2d82921e8f5bd8e7a55af7ad2c8f26b1c2d9521e507a290,lacan_text_013.txt,3,definition,What is the implication of reducing the ‘I think’ to the powers of reflection through which subject and consciousness are fused?,"Reducing the ‘I think’ to the powers of reflection through which subject and consciousness are fused does not imply that confusion is involved. At the crucial moment of Cartesian askesis, consciousness and the subject are actually identical. Asserting that this privileged moment is the entirety of the subject is misleading because it treats the subject as the pure category that is obscured by the gaze.",the ‘I think’ to which presence (according to the preceding: that of the phenomenological subject) would be reduced does not cease implying . . . all the powers or reflection through which subject and consciousness are fused.,"I write that “the ‘I think’ to which presence (according to the preceding: that of the phenomenological subject) would be reduced does not cease implying . . . all the powers or reflection through which subject and consciousness are fused.” This does not mean that there is anything in the nature of a confusion involved. At a crucial point of the Cartesian askesis, precisely the one I am invoking here, consciousness and the subject coincide. It is holding that privileged moment as exhaustive of the subject which is misleading — making of it the pure category that the presence of a gaze (as a mode of opaqueness within",0.6897,0.8205,,,,,,,
8fc969a10a9709f19bec5992831a0c32c723b1dd2b1fe9e1c40892a4ad787edf,lacan_text_005.txt,18,clinical,What is the psychoanalyst's attitude toward Jacques Lacan?,"The psychoanalyst regards Jacques Lacan with intense horror. This feeling is so strong that the analyst actively denies, disavows, and renounces Lacan. Furthermore, the analyst curses anyone who brings Lacan to mind, even demanding the head of Jacques Alain Miller, who is disliked for having been the first to read him.","the psychoanalyst holds his act in horror. This, to such an extent that he negates, disavows, and renounces it— and curses whoever reminds him of it, Lacan Jacques, lest his name be mentioned, even calls for the scalp of JacquesAlain Miller, odious for having shown himself to be the at-least-one to have read him.","Yes, the psychoanalyst holds his act in horror. This, to such an extent that he negates, disavows, and renounces it— and curses whoever reminds him of it, Lacan Jacques, lest his name be mentioned, even calls for the scalp of JacquesAlain Miller, odious for having shown himself to be the at-least-one to have read him. Without any more attention than needed to established “analysts.”",0.4138,0.663,,,,,,,
fb1fab02bfdff3fa252cf17dc4eddfecb61efc1cae9db6ce5dcc485f417915e1,lacan_text_000.txt,334,other,How is the human animal involved with thought?,"The human animal is involved with thought from the very beginning. Even at the most basic, physiological level, the word's designation of the most familiar functions shows that these functions are already connected to thought functions in their ability to be circulated and displaced.","the word designates the most familiar functions, those functions are already involved with thought functions in their maintenance capacity, in their capacity as something that is circulated, displaced.","This process is certainly not nothing because it seems that it eventually generated that which is our privilege: a proper physics. But in the way it is represented to us — the work of culture and isolation leading in the direction of a certain efficacy — completely ignores the question of the human animal’s relationship with thought. Now, the human animal is involved with thought from the very beginning, and it seems certain that, even at the most elementary, physiological level, in the sense that the word designates the most familiar functions, those functions are already involved with thought functions in their maintenance capacity, in their capacity as something that is circulated, displaced. _",0.6818,0.8174,,,,,,,
2d2ec0d186c4b8a3d54086524b0e95890bf8cc5b6fc19707f64c6521162d8461,lacan_text_030.txt,192,other,What was the anorexic's preoccupation regarding eating?,The anorexic was intensely preoccupied with determining whether she was eating. This preoccupation served to discourage the knowledge of eating. The desire to know about eating was crucial because it would have led to starvation.,"she was so preoccupied about knowing whether she was eating, that in order to discourage this knowledge, this knowledge like that, the desire to know, is that not so, just for that the kid would have let herself die of hunger!","But why do I eat nothing? That is something you have not asked yourselves, huh, but if you ask the anorexics, or rather if you let them come, I for my part have asked it, I have asked it because I was already in my little vein of invention on this subject, I asked it: so then what did they answer me? It is very clear: she was so preoccupied about knowing whether she was eating, that in order to discourage this knowledge, this knowledge like that, the desire to know, is that not so, just for that the kid would have let herself die of hunger! That is very important. This dimension of knowledge is very important, and also to notice that, that it is not desire that presides over knowledge, it is",0.5556,0.7421,,,,,,,
32458b92489a7c8ce247e5a7114ce5ea40933a389977b135f0e096acb4c935da,lacan_text_020.txt,1083,definition,What is the primary interest of those who are not interested in the real function of the father in generation?,"Those who are not interested in the real function of the father in generation are interested in the begetting of the soul and the begetting of the mind by the father, viewing the father as either symbolic or imaginary. However, in delusion, the real function of the father in generation appears in an imaginary form, based on the identification analysts make between the little men and spermatozoa.","What they’re interested in is the begetting of the soul, the begetting of the mind by the father, the father as either symbolic or imaginary.","There’s something here that nobody’s interested in, neither neurotics nor primitives. I’m not saying that the latter don’t know the real function played by the father in generation, simply that they’re not interested in it. What they’re interested in is the begetting of the soul, the begetting of the mind by the father, the father as either symbolic or imaginary. But, curiously, in delusion it’s in fact the father’s real function in generation that we see emerge in an imaginary form, at least if we accept the identification analysts make between the little men and spermatozoa. There’s a movement of retreat here between the three functions that define the problematic of the paternal function.",0.7778,0.8725,,,,,,,
0046a1173498f87f410890d7c10f994a76ba7592fe9cd0554c8a5f2969b15a67,lacan_text_011.txt,81,definition,What is the function of the statics of the fantasy regarding the point of aphanisis?,"The statics of the fantasy ensures that the point of aphanisis, which is supposed in 8, remains perpetually hidden within the imagination. This results in the seemingly unbelievable survival that Sade provides to those subjected to his trials and tribulations in his fable. The moment of death is driven solely by the necessity of replacement, which demands the victim's multiplicity. This multiplicity is analogous to the subject's relationship with the signifier, where the subject is constituted by trusting the graph.","there is a statics of the fantasy, by which the point of aphanisis, supposed in 8, should be indefinitely recessed in the imagination.","One will see that there is a statics of the fantasy, by which the point of aphanisis, supposed in 8, should be indefinitely recessed in the imagination. Whence the hardly believable survival that Sade grants the victims of the trials and tribulations which he inflicts upon them in his fable. The moment of their death seems to be motivated only by the need to replace them in a combinatory, which alone requires their multiplicity. Unique (Justine) or multiple, the victim has the monotony of the relation of the subject to the signifier, in which, to trust our graph, she consists. Being the objet a of the fantasy, situating itself in the real, the troupe of tormenters (see Juliette) can have more variety.",0.425,0.6644,,,,,,,
4ae1759b52d1232d57b9bccde8b5417cc7eb567853dfa05c8725210e13244331,lacan_text_017.txt,168,comparison,What is the relationship between consistency and the knot?,"The distinction between consistency and the knot is necessary because the knot does not constitute its own consistency. The knot is a structure that exists, but it is not the same as consistency. We must differentiate between these two concepts to properly understand the knot's existence.","Because we must all the same distinguish between consistency and knot. The knot ex-sists, ex-sists","without good reason. I mean that it is not without a hidden cause that I had to arrange an access for this knot. Beginning with, with the chain where there are elements that are distinct. Elements which consist then in some form of the cord; namely, either in so far as, as it is a straight line that we must suppose infinite in order that the knot should not unknot itself, or indeed as what I called a ring of string (rond de ficelle). In other words: a cord which is knotted together or more exactly is connected by a splice so that the knot, properly speaking, does not constitute its consistency. Because we must all the same distinguish between consistency and knot. The knot ex-sists, ex-sists",0.4348,0.6824,,,,,,,
89b124ae007df58690e072aa7897a47713597b000ce03b8ca0a1162e9367479d,lacan_text_000.txt,156,definition,What is the nature of the subject in relation to mathematical logic?,"The subject is described as a post-language subject, which is the subject that can be purified with elegance using mathematical logic. However, this subject is not entirely pure because there is always an underlying element that must be cited, something that pre-exists. The subject is constructed through a series of articulations, and it exits the signifying chain like ripe fruit does.",A post-language subject; thatis the subject we can purify so elegantly in mathematical logic.,"A post-language subject; thatis the subject we can purify so elegantly in mathematical logic. Only, there is still always something to be cited, something that was already there. The subject is manufactured by a certain number of articulations that have taken place, and falls from the signifying chain in the way that ripe fruit falls. As soon as he comes into the world he falls from a signifying chain, which may well be complicated or at least elaborate, and what we call the desire of his parents is subjacent to that very chain. It would be difficult not to take that into account in the fact of his birth, even, and especially, when it was, precisely, a desire for him not to be born.",0.4571,0.6969,,,,,,,
fcc24d1a557febb14982591226552bd5e09050484a6fa58a275f2c468c7b1141,lacan_text_018.txt,1357,other,How is the imagined order understood in relation to the subject and the Other?,"The imagined order is understood through the effect of the signifier, which supports the object that fills the lack of the Other. This mechanism is what constitutes the phantasy. Conversely, the separation of the subject is imposed by a determination that moves objectively from the object toward the subject, rather than subject-to-object.","is imagined through the effect of what constitutes it as subject, namely the effect of the signifier, to support the object which comes through it to fill the lack, the hole of the Other - and this is the phantasy","(13) although of a different order, is imagined through the effect of what constitutes it as subject, namely the effect of the signifier, to support the object which comes through it to fill the lack, the hole of the Other - and this is the phantasy - inversely one can say that the whole cut of the subject, that which in the world constitutes it as separate, as rejected, is imposed on it by a determination that is no longer subjective going from the subject towards the object, but objective from the object towards the subject, is imposed on it by the object o, but in so far as at the heart of this object o there is this central point, this whirlwind point through which the object emerges from",0.5417,0.7468,,,,,,,
9fc9328665d84dceab3f9e3af708e57e2a1fce97285a0f66b03b3aad1cfa67a6,lacan_text_029.txt,513,definition,What is the relationship to an other sex for the subject?,"The subject's relation to anything that might be called another sex is only to a covering. This covering is what makes it impossible for there not to be a phallus present. This structure suggests that ignorance cannot provide an explanation, and the attainment of knowledge is not a barrier to occult science.","at no point is his relation to anything which might be termed an other sex, but only toa covering . . . behind which it is impossible for there not to be a phallus.","from his own, such as that of a mother with few scruples about having her bath in front of him, or a sister dressed and undressed before his eyes. This won’t stop things from proceeding for him in exactly the same way, meaning that at no point is his relation to anything which might be termed an other sex, but only toa covering . . . behind which it is impossible for there not to be a phallus. Thus ignorance can explain nothing, since knowledge, the lifting of this ignorance, is no obstacle to occult science. As for narcissism, are we providing an explanation or merely setting up the most inscrutable of enigmas when we talk ofa love of self which implies one’s own liquidation as sexed being?",0.5769,0.7627,,,,,,,
794cea011fe4158a2d58be2a1da233d976c2e7149d22dfb9fef77d15351e7c4d,lacan_text_041.txt,1452,definition,"What is the function of the figures in seeing, specifically regarding the representation of the dog?","The figures present in seeing do not represent anything to themselves, but they do represent something. The figure of the dog, for instance, assumes all the value. Other figures merely serve to show off, mimicking an ideal scene where everyone performs the function of showing off without full awareness of it. This ambiguity allows us to recognize that the dog is a very good actor when it is brought onto the stage.","Here, the figure of the dog that you see on the right, takes on all its value. None of the other figures, any more than him, does anything other than show off (étre en representation), be court figures who mimic an ideal scene where everyone is in his function of showing off, while hardly being aware of it.","As it appears, in seeing - do I have to produce this image again - that all the personages who are there, properly speaking, represent nothing to themselves, and precisely not the fact that they represent. Here, the figure of the dog that you see on the right, takes on all its value. None of the other figures, any more than him, does anything other than show off (étre en representation), be court figures who mimic an ideal scene where everyone is in his function of showing off, while hardly being aware of it. Again, that here lies the ambiguity which allows us to remark that, as you see on the stage when an animal is brought onto it, the dog, also, is for his part also a very good actor.",0.6905,0.8222,,,,,,,
8404a28eca538fea3a5e9aac1ba52538f81ef136d8284fa099d77882fba852cb,lacan_text_008.txt,59,clinical,What is the nature of the response of psychoanalysts?,"The response of psychoanalysts is an encystment of thought. This situation represents an abdication that leads to a false complacency. This abdication provides the beneficiary with the same effects as genuine responses. This occurs because the terms they use are validated for an enterprise that is not part of the prevailing economy, even though the conditioning of those terms is convenient.","An abdication that opens the way to a false complacency, affording its beneficiary the same effects as the genuine kind; in this case, the authenticating mark — they sully — of terms whose keep is vouchsafed them for an enterprise which does not at all fall within the province of the prevailing economy, but the conditioning of those it employs is convenient, and even in its highest reaches: psychological orientation and its various offices.","That psychoanalysts are poorly situated to judge the ills in which they are immersed, but that they feel themselves to be missing therein is sufficient to explain why their response has been an encystment of thought. An abdication that opens the way to a false complacency, affording its beneficiary the same effects as the genuine kind; in this case, the authenticating mark — they sully — of terms whose keep is vouchsafed them for an enterprise which does not at all fall within the province of the prevailing economy, but the conditioning of those it employs is convenient, and even in its highest reaches: psychological orientation and its various offices.",0.6562,0.8047,,,,,,,
b9c533fcdb6542b281ae3740f98596f948a695a8132ce8c483282bc2f11f0956,lacan_text_016.txt,656,comparison,What is the relationship between crossing the Rubicon and an act?,"Crossing the Rubicon is not an act, but it can be considered one. When one crosses it while thinking of Caesar, it is an imitation of Caesar's act. However, this imitation acquires a structure different from the usual structure of an act. Ultimately, the imitation and the act can be considered the same thing.","it is an imitation of Caesar’s act. But you already see that imitation takes on in the dimension of the act, a quite different structure than the one that is usually supposed for it. It is not an act, but it can all the same be one!","I cross the Rubicon. That can be done ... all by itself: it is enough to take the train at Cesena in the right direction, once you are on the train, you can do nothing more about it: you cross the Rubicon. But this is not an act. It is not an act either when you cross the Rubicon thinking about Caesar, it is an imitation of Caesar’s act. But you already see that imitation takes on in the dimension of the act, a quite different structure than the one that is usually supposed for it. It is not an act, but it can all the same be one! And there is even no other possible definition for the suggestions, otherwise so excessive, as those that are entitled the /mitation of Jesus Christ, for example.",0.6087,0.7803,,,,,,,
88c013ae3dd5a59db2ad91c91aba77456d38154e1e76a5f0842206626eb6e34e,lacan_text_045.txt,1475,definition,What is the personality's realization regarding her situation in relation to the reality of the sexes?,"The personality has learned that her situation is peculiar when considered against the reality of the sexes. Specifically, she recognizes that the women are arranged in an unusual way. This realization leads her to feel pleased about this arrangement, as it helps her avoid many worries. Consequently, she adopts the role of a teacher.","She has learnt that all the more so on account of there being six or seven girls in the family in thesame position. So, one knows what's what, one knows that on this point the women are put together somewhat oddly. She tells herselfthatit’s unique, and sheis pleased about it— This way, she tells herself, I'll miss out on a lot of worries. And she duly becomes a teacher.","The kind of grand scale with which the whole of the case’s unfolding is discussed is really worth noticing. Without batting an eyelid, he tells us that this subject, a personality of evident quality, has learnt that something wasn’t going quite right, that her situation is very peculiar in relation to the reality of the sexes. She has learnt that all the more so on account of there being six or seven girls in the family in thesame position. So, one knows what's what, one knows that on this point the women are put together somewhat oddly. She tells herselfthatit’s unique, and sheis pleased about it— This way, she tells herself, I'll miss out on a lot of worries. And she duly becomes a teacher.",0.3793,0.6569,,,,,,,
086d443ef9add911cb67515ed59e81b469c867467e453cfc26f15823a14aeba1,lacan_text_020.txt,250,other,"What feeling did the young girl possess, contrary to common characterizations of paranoia?","The young girl felt that a person as good and kind as she, despite being surrounded by many trials, could only benefit from benevolence and general sympathy. This feeling stood in contrast to the common understanding that paranoia presupposes a character based on pride, mistrust, irritability, and psychological rigidity.","At least, alongside the chain of interpretations, difficult to grasp, of which she felt she was the victim, this young girl had, on the contrary, the feeling that a person as good and kind as herself who, into the bargain, was surrounded by the many trials she had undergone, could only benefit from benevolence, from a general sympathy - and indeed the head of her ward, in making his report on her, spoke of her only as a charming woman loved by all.","It was nevertheless possible to bring out certain things, and in particular the following. Paranoid delusion, since she is paranoid, is far from presupposing a character base of pride, mistrust, irritability, psychological rigidity, as people say. At least, alongside the chain of interpretations, difficult to grasp, of which she felt she was the victim, this young girl had, on the contrary, the feeling that a person as good and kind as herself who, into the bargain, was surrounded by the many trials she had undergone, could only benefit from benevolence, from a general sympathy - and indeed the head of her ward, in making his report on her, spoke of her only as a charming woman loved by all.",0.7333,0.8502,,,,,,,
fe3b6b0826632f8c13e7247a6eaba3652c3cac641b5e55535f30e5ddb80b9b69,lacan_text_034.txt,242,comparison,What is the relationship between the phallus and the non-existence of the sexual relationship?,The phallus is characterized by the fact that it simultaneously functions as both its cause and its mask. This dual function leads to the non-existence of a sexual relationship. This is the central theme being announced for the next seminar.,in so far as it is around this x which is called the phallus that there continues to turn — to turn only because it is at the same time its cause and its mask — the non-existence of the sexual relationship,"And what I would like to conclude on is the following, is this not so, that in so far as it is around this x which is called the phallus that there continues to turn — to turn only because it is at the same time its cause and its mask — the non-existence of the sexual relationship, I am announcing, if I can say the theme of my next seminar; as regards man ~ and first of all when I say man, I write it with a capital L (Z ‘*homme) namely, that there is an all-man — for man, love, I mean, what is hooked onto, what is situated in the category of the Imaginary, for man, love goes without saying. Love goes without saying because his enjoyment is enough for him, and that is moreover very exactly why _",0.5,0.7128,,,,,,,
da854b36adf40df70270ab60552bdcf097f4d769df696a654670c518f4d818f4,lacan_text_011.txt,111,definition,What is the basis for M. Verdoux's abnegation?,M. Verdoux's self-denial stems from a mistake. This error is significant because a minimal amount of critique would have been sufficient for him to avoid this practice. The practice of Reason would have been more cost-effective and legally sound if his loved ones had faced hardship.,"M. Verdoux’s abnegation derives from an error which merits severity since a small grain of Critique, it’s not expensive, would have allowed him to avoid it.","A certain M. Verdoux resolves it every day by putting women in the oven until he himself ends up in the electric chair. He thought that his dear ones wanted to live comfortably. More enlightened, the Buddha allowed those who did not know the road to devour him. Despite this eminent patronage, which could very well only be based on a misunderstanding (it is by no means sure that the tigress likes to eat Buddha), M. Verdoux’s abnegation derives from an error which merits severity since a small grain of Critique, it’s not expensive, would have allowed him to avoid it. No one doubts that the practice of Reason would have been more economical as well as more legal, should his dear ones have had to go without.",0.3846,0.6536,,,,,,,
843745d95f2c6c0d5f12a931e8e3a24efb0259a30fa631b8f205ca63005acfde,lacan_text_021.txt,1660,definition,What is the true structure of the articulation of the Oedipus complex?,"The true structure of the articulation of the Oedipus complex involves a drama that occurs at the level of castration. This drama involves the poor little man flooding the whole world with his blood, likened to Kronos Uranus.","let us say, would to God that the drama took place at the bloody level of castration and that the poor little man flooded the whole world with his blood like Kronos Uranus!","I believe that that is the true structure of the articulation of the Oedipus complex. If you break it down in that way, you will find that the detours, hesitations, and gropings of different authors in their attempts to explain various difficulties and details will be much clearer. In particular, you will also be able to see, in a way that is otherwise impossible, what Jones really means when he speaks of the relationship between hate, fear, and guilt in connection with the genesis of the superego. To pick up the thread, let us say, would to God that the drama took place at the bloody level of castration and that the poor little man flooded the whole world with his blood like Kronos Uranus!",0.8,0.8761,,,,,,,
47ecadc13919221b2084e72a11e68ea5a0f98bb8fe5bbe5c53d25c6b1d034a25,lacan_text_035.txt,1290,clinical,What is the core assertion regarding the nucleus of psychosis?,"The nucleus of psychosis must be connected to a relationship between the subject and the signifier in its most formal dimension, specifically as a pure signifier. Everything built upon this connection is composed solely of affective reactions to the primary phenomenon, which is the relationship to the signifier.","the nucleus of psychosis has to be linked to a relationship between the subject and the signifier in its most formal dimension, in its dimension as a pure signifier, and that everything constructed around this consists only of affective reactions to the primary phenomenon, the relationship to the signifier.","The merit of Clérambault is to have shown its tdeationally neutral nature, which in his language means that it’s in total discord with the subject’s mental state, that no mechanism of the affects adequately explains it, and which in ours means that it’s structural. The weakness of the etiological or pathogenic deduction is of little concern to us in comparison with what he stresses, namely that the nucleus of psychosis has to be linked to a relationship between the subject and the signifier in its most formal dimension, in its dimension as a pure signifier, and that everything constructed around this consists only of affective reactions to the primary phenomenon, the relationship to the signifier.",0.6522,0.8044,,,,,,,
985f5a4fc25c89870dcc8db5cec6caa71e154c66e591b332fcc4744071ce601d,lacan_text_025.txt,1001,clinical,What is the aim of the analyst's direction in relation to the imaginary forms drawn 'resist-style' on the text?,The analyst attempts to manage their direction by confusing these imaginary forms with the visionary liberation of the hieroglyphic aviary. This process involves seeking to control the exhaustion that occurs during the analysis through a kind of 'scanning' of these forms whenever they emerge. The underlying goal is to view these forms as evidence of the exhaustion of regressions and the restructuring of the object relation from which the subject derives their character-type.,"the analyst tries to accommodate his direction to them, confusing them, in the interpretation of the dream, with the visionary liberation of the hieroglyphic aviary, and seeking generally the control of the exhaustion of the analysis in a sort of ‘scanning’”","The rest was the work of the gods and took such a course that analysis today takes its bearings in those imaginary forms that I have just shown to be drawn ‘resist-style’ (en reserve) on the text they mutilate — and the analyst tries to accommodate his direction to them, confusing them, in the interpretation of the dream, with the visionary liberation of the hieroglyphic aviary, and seeking generally the control of the exhaustion of the analysis in a sort of ‘scanning’”° of these forms whenever they appear, in the idea that they are witnesses of the exhaustion of the regressions and of the remodelling of the object relation from which the subject is supposed to derive his ‘character-type’.””",0.6053,0.7686,,,,,,,
4e09e6657b4b31d5e2093a1f065bfd576a5733be2aabf6a423cb6d90363397dc,lacan_text_013.txt,4,other,What marks the site through which psychoanalytic experience enters?,"The site through which psychoanalytic experience enters is marked at the moment of coincidence when it is grasped by reflection. This moment reveals the subject of the “I think” as the being of a fall. The subject is identified as that which thinks, asserting ""Therefore I am.""","It is, on the contrary, at that moment of coincidence itself, in so far as it is grasped by reflection, that I intend to mark the site through which psychoanalytic experience makes its entrance.","It is, on the contrary, at that moment of coincidence itself, in so far as it is grasped by reflection, that I intend to mark the site through which psychoanalytic experience makes its entrance. At simply being sustained within time, the subject of the “I think” reveals what it is: the being of a fall. I am that which thinks: “Therefore I am,” as I have commented on elsewhere, noting that the “therefore,” the causal stroke, divides inaugurally the “I am” of existence from the “I am” of meaning.",0.7368,0.84,,,,,,,
cd7eeaf21d6f380dbaff97e42338a40c5769e4dd62ba08ce051f8041bbb0ef5d,lacan_text_028.txt,172,definition,"What is the status of the ""surplus enjoying"" in relation to the concept of nature?","The concept of ""surplus enjoying"" is described as being slippery and difficult to grasp. It is not easily obtained. Furthermore, the idea that it can signify nature is deemed unsatisfactory given the current state of things concerning natural history.","this xin, is something that does not work out, that is underdeveloped; we really have to know where to put it. That it can mean nature, is not very satisfactory given the state that things are at as regards natural history.","speak about it to you today, but I put it at the horizon, at the point, in order to tell you that this is where we have to get to, because in any case, this xin, is something that does not work out, that is underdeveloped; we really have to know where to put it. That it can mean nature, is not very satisfactory given the state that things are at as regards natural history. This hsing, there is no kind of chance that we will find it in this thing that requires great cunning to get, to get a close hold of, which is called the surplus enjoying. fit is so slippery, that does not make it easy to get one’s hands on it. It is all the same not, certainly not to this that we refer when we talk about",0.4583,0.691,,,,,,,
4bee351983505034b65d666fc5e6cd034e4021dd80199954e8f0f875f91e7d7e,lacan_text_045.txt,1482,definition,What is the function of Penisneid regarding the symbolic value of the penis?,"Penisneid identifies with the imaginary phallus, which is what acquires a symbolic value. This symbolic value arises because the woman exists within a symbolic order that is structured by an androcentric perspective. The symbolic usage is not attached to the penis itself, but to the phallus, which is visible because it is erected.","it is in so far as she identifies with the imaginary mah that the penis takes on a symbolic value, and that there’s a problem.","There is no better illustration of the function of Penisneid- it is in so far as she identifies with the imaginary mah that the penis takes on a symbolic value, and that there’s a problem. It would be entirely incorrect, the author tells us, to think that Penisneid is entirely natural in women. Who told him it was natural? Of course it’s symbolic. It is in so far as the woman isin a symbolic order with an androcentric perspective that the penis takes on this value. Besides, it isn’t the penis, but the phallus, thatis to say something whose symbolic usage is possible because it can be seen, because it is erected. There can be no possible symbolic use for what is not seen, for what is hidden.",0.6667,0.8147,,,,,,,
8f6ee0ab7c80de6e0489295028e3c57aeb56998d0cdd875ea95dcf2c905884d2,lacan_text_020.txt,481,definition,What is the function of the stickleback's posture before a mirror?,"The stickleback adopts a specific posture—lowering its nose, adopting an oblique stance with its tail in the air and nose down—which is typically reserved for digging holes in the sand. This posture demonstrates that the creature is not indifferent to its reflection in the mirror. Although the reflection itself does not complete the entire cycle of erotic behavior, it elicits a borderline reaction between the drives of Eros and aggressiveness, which is manifested by the digging behavior.","It is lowering its nose, it’s adopting an oblique stance, tail in the air, nose down, a position it only ever adopts when it’s going to stick its nose in the sand to dig holes.","It is curious that although he has not participated in my seminars Konrad Lorenz thought it necessary to place a very pretty and enigmatic picture of a male stickleback before a mirror at the front of his book. What is it doing? It is lowering its nose, it’s adopting an oblique stance, tail in the air, nose down, a position it only ever adopts when it’s going to stick its nose in the sand to dig holes. In other words, it’s not indifferent to its own image in the mirror, even if this image does not introduce the whole cycle of erotic behaviour the effect of which would be to produce in the stickleback that borderline reaction between eros and aggressiveness that is indicated by digging holes.",0.641,0.7868,,,,,,,
aa8bbe101e8dcab568ee146808d3ec4ea82583c17b6b14b110728a2d0cb3d66e,lacan_text_018.txt,626,comparison,What is the relationship between knowing and the absolute?,"Knowing creates an indefinite distance from the absolute because it involves reaching toward something that is absolute. This involves a matter of the real, which is the full stop. The search for what is aimed at is what is called absolute, which requires casting off everything. This process is always more overloaded, reflecting the criteria of science in the philosophical perspective discussed.","knowing could well - it is the least that one might say - distance us indefinitely from what it is a question of reaching, namely something of the absolute.","(2) knowing could well - it is the least that one might say - distance us indefinitely from what it is a question of reaching, namely something of the absolute. Because it is a matter of the real, full stop, that is what is involved. It is a matter of reaching what is aimed at as independent of all our moorings; in the search for what is aimed at this is what is called absolute: in the end to cast off everything. All overloading therefore, it is always a more overloaded way that the criteria of science tends to establish, in the philosophical perspective that I am talking about. I am not speaking here about these learned men, who for their part, contrary to what is believed, have no doubts.",0.7097,0.835,,,,,,,
